safety,k_success,n,asr,asr_ci_low,asr_ci_high
No Safety,8535.0,11185,0.7630755476084041,0.7551060474848793,0.77086439792745
SFT Safety,5716.0,11332,0.5044122837980939,0.4952066682176816,0.513614908823409
RLHF Safety,3830.0,11278,0.3395992197198085,0.3309148391585964,0.3483928369924321
Constitutional Safety,2835.0,11205,0.25301204819277107,0.2450479725622369,0.261145423907921
